,70<=BG<=180,BG>180,BG<70,BG>250,BG<50,LBGI,HBGI,Risk Index
adolescent#001,14.049586776859504,0.0,85.9504132231405,0.0,83.47107438016529,272.86962166429606,0.40000811465193786,273.26962977894794
