,70<=BG<=180,BG>180,BG<70,BG>250,BG<50,LBGI,HBGI,Risk Index
adolescent#001,3.7422037422037424,0.0,96.25779625779626,0.0,95.84199584199584,265.10560747803424,0.40966230837095013,265.5152697864052
child#005,2.2869022869022873,0.0,97.71309771309772,0.0,97.0893970893971,203.65647035970557,0.1804503673188314,203.8369207270244
